,Name,Stars,Title,Date,Description
0,Nicole Murphy,5.0,"5.0 out of 5 stars
Comfortable",12/09/2023,Comfortable and good quality
1,Stephen J,5.0,"5.0 out of 5 stars
As expected!",07/09/2023,As expected!
2,Nena Mink,5.0,"5.0 out of 5 stars
Stay Socks",25/08/2023,Love these socks! They are definitely a good weight and they stay in place.
3,jorge j leyva,5.0,"5.0 out of 5 stars
Comfortable",01/09/2023,Comfortable socks.
4,Sox,5.0,"5.0 out of 5 stars
Great socks",25/08/2023,"Very comfortable, dry and invisible"
5,Amazon Customer,5.0,"5.0 out of 5 stars
Fit well",29/07/2023,They have a nice fit. My husband had me order a second time.
6,CG,5.0,"5.0 out of 5 stars
Won’t come off",13/07/2023,By far the best socks EVER! Have little grips on the heel that make sure they don’t slide around all day. They are super plush and I wear them everyday!
7,Judith Lunsford,4.0,"4.0 out of 5 stars
Comfort and quality",24/05/2023,"These are about what you pay for. Don't expect to last for a long time, but for the price I think they're worth it. Shipped promptly with no problems."
8,Amazon Customer,5.0,"5.0 out of 5 stars
Great value and fit",17/07/2023,Very comfortable product would recommend for anyone
9,Joanne Markovich,5.0,"5.0 out of 5 stars
Quality is great",26/06/2023,Love em
10,Nicole Murphy,5.0,"5.0 out of 5 stars
Comfortable",12/09/2023,Comfortable and good quality
11,Stephen J,5.0,"5.0 out of 5 stars
As expected!",07/09/2023,As expected!
12,Nena Mink,5.0,"5.0 out of 5 stars
Stay Socks",25/08/2023,Love these socks! They are definitely a good weight and they stay in place.
13,jorge j leyva,5.0,"5.0 out of 5 stars
Comfortable",01/09/2023,Comfortable socks.
14,Sox,5.0,"5.0 out of 5 stars
Great socks",25/08/2023,"Very comfortable, dry and invisible"
15,Amazon Customer,5.0,"5.0 out of 5 stars
Fit well",29/07/2023,They have a nice fit. My husband had me order a second time.
16,CG,5.0,"5.0 out of 5 stars
Won’t come off",13/07/2023,By far the best socks EVER! Have little grips on the heel that make sure they don’t slide around all day. They are super plush and I wear them everyday!
17,Judith Lunsford,4.0,"4.0 out of 5 stars
Comfort and quality",24/05/2023,"These are about what you pay for. Don't expect to last for a long time, but for the price I think they're worth it. Shipped promptly with no problems."
18,Amazon Customer,5.0,"5.0 out of 5 stars
Great value and fit",17/07/2023,Very comfortable product would recommend for anyone
19,Joanne Markovich,5.0,"5.0 out of 5 stars
Quality is great",26/06/2023,Love em
20,Nicole Murphy,5.0,"5.0 out of 5 stars
Comfortable",12/09/2023,Comfortable and good quality
21,Stephen J,5.0,"5.0 out of 5 stars
As expected!",07/09/2023,As expected!
22,Nena Mink,5.0,"5.0 out of 5 stars
Stay Socks",25/08/2023,Love these socks! They are definitely a good weight and they stay in place.
23,jorge j leyva,5.0,"5.0 out of 5 stars
Comfortable",01/09/2023,Comfortable socks.
24,Sox,5.0,"5.0 out of 5 stars
Great socks",25/08/2023,"Very comfortable, dry and invisible"
25,Amazon Customer,5.0,"5.0 out of 5 stars
Fit well",29/07/2023,They have a nice fit. My husband had me order a second time.
26,CG,5.0,"5.0 out of 5 stars
Won’t come off",13/07/2023,By far the best socks EVER! Have little grips on the heel that make sure they don’t slide around all day. They are super plush and I wear them everyday!
27,Judith Lunsford,4.0,"4.0 out of 5 stars
Comfort and quality",24/05/2023,"These are about what you pay for. Don't expect to last for a long time, but for the price I think they're worth it. Shipped promptly with no problems."
28,Amazon Customer,5.0,"5.0 out of 5 stars
Great value and fit",17/07/2023,Very comfortable product would recommend for anyone
29,Joanne Markovich,5.0,"5.0 out of 5 stars
Quality is great",26/06/2023,Love em
30,Nicole Murphy,5.0,"5.0 out of 5 stars
Comfortable",12/09/2023,Comfortable and good quality
31,Stephen J,5.0,"5.0 out of 5 stars
As expected!",07/09/2023,As expected!
32,Nena Mink,5.0,"5.0 out of 5 stars
Stay Socks",25/08/2023,Love these socks! They are definitely a good weight and they stay in place.
33,jorge j leyva,5.0,"5.0 out of 5 stars
Comfortable",01/09/2023,Comfortable socks.
34,Sox,5.0,"5.0 out of 5 stars
Great socks",25/08/2023,"Very comfortable, dry and invisible"
35,Amazon Customer,5.0,"5.0 out of 5 stars
Fit well",29/07/2023,They have a nice fit. My husband had me order a second time.
36,CG,5.0,"5.0 out of 5 stars
Won’t come off",13/07/2023,By far the best socks EVER! Have little grips on the heel that make sure they don’t slide around all day. They are super plush and I wear them everyday!
37,Judith Lunsford,4.0,"4.0 out of 5 stars
Comfort and quality",24/05/2023,"These are about what you pay for. Don't expect to last for a long time, but for the price I think they're worth it. Shipped promptly with no problems."
38,Amazon Customer,5.0,"5.0 out of 5 stars
Great value and fit",17/07/2023,Very comfortable product would recommend for anyone
39,Joanne Markovich,5.0,"5.0 out of 5 stars
Quality is great",26/06/2023,Love em
40,Nicole Murphy,5.0,"5.0 out of 5 stars
Comfortable",12/09/2023,Comfortable and good quality
41,Stephen J,5.0,"5.0 out of 5 stars
As expected!",07/09/2023,As expected!
42,Nena Mink,5.0,"5.0 out of 5 stars
Stay Socks",25/08/2023,Love these socks! They are definitely a good weight and they stay in place.
43,jorge j leyva,5.0,"5.0 out of 5 stars
Comfortable",01/09/2023,Comfortable socks.
44,Sox,5.0,"5.0 out of 5 stars
Great socks",25/08/2023,"Very comfortable, dry and invisible"
45,Amazon Customer,5.0,"5.0 out of 5 stars
Fit well",29/07/2023,They have a nice fit. My husband had me order a second time.
46,CG,5.0,"5.0 out of 5 stars
Won’t come off",13/07/2023,By far the best socks EVER! Have little grips on the heel that make sure they don’t slide around all day. They are super plush and I wear them everyday!
47,Judith Lunsford,4.0,"4.0 out of 5 stars
Comfort and quality",24/05/2023,"These are about what you pay for. Don't expect to last for a long time, but for the price I think they're worth it. Shipped promptly with no problems."
48,Amazon Customer,5.0,"5.0 out of 5 stars
Great value and fit",17/07/2023,Very comfortable product would recommend for anyone
49,Joanne Markovich,5.0,"5.0 out of 5 stars
Quality is great",26/06/2023,Love em
50,Nicole Murphy,5.0,"5.0 out of 5 stars
Comfortable",12/09/2023,Comfortable and good quality
51,Stephen J,5.0,"5.0 out of 5 stars
As expected!",07/09/2023,As expected!
52,Nena Mink,5.0,"5.0 out of 5 stars
Stay Socks",25/08/2023,Love these socks! They are definitely a good weight and they stay in place.
53,jorge j leyva,5.0,"5.0 out of 5 stars
Comfortable",01/09/2023,Comfortable socks.
54,Sox,5.0,"5.0 out of 5 stars
Great socks",25/08/2023,"Very comfortable, dry and invisible"
55,Amazon Customer,5.0,"5.0 out of 5 stars
Fit well",29/07/2023,They have a nice fit. My husband had me order a second time.
56,CG,5.0,"5.0 out of 5 stars
Won’t come off",13/07/2023,By far the best socks EVER! Have little grips on the heel that make sure they don’t slide around all day. They are super plush and I wear them everyday!
57,Judith Lunsford,4.0,"4.0 out of 5 stars
Comfort and quality",24/05/2023,"These are about what you pay for. Don't expect to last for a long time, but for the price I think they're worth it. Shipped promptly with no problems."
58,Amazon Customer,5.0,"5.0 out of 5 stars
Great value and fit",17/07/2023,Very comfortable product would recommend for anyone
59,Joanne Markovich,5.0,"5.0 out of 5 stars
Quality is great",26/06/2023,Love em
60,Nicole Murphy,5.0,"5.0 out of 5 stars
Comfortable",12/09/2023,Comfortable and good quality
61,Stephen J,5.0,"5.0 out of 5 stars
As expected!",07/09/2023,As expected!
62,Nena Mink,5.0,"5.0 out of 5 stars
Stay Socks",25/08/2023,Love these socks! They are definitely a good weight and they stay in place.
63,jorge j leyva,5.0,"5.0 out of 5 stars
Comfortable",01/09/2023,Comfortable socks.
64,Sox,5.0,"5.0 out of 5 stars
Great socks",25/08/2023,"Very comfortable, dry and invisible"
65,Amazon Customer,5.0,"5.0 out of 5 stars
Fit well",29/07/2023,They have a nice fit. My husband had me order a second time.
66,CG,5.0,"5.0 out of 5 stars
Won’t come off",13/07/2023,By far the best socks EVER! Have little grips on the heel that make sure they don’t slide around all day. They are super plush and I wear them everyday!
67,Judith Lunsford,4.0,"4.0 out of 5 stars
Comfort and quality",24/05/2023,"These are about what you pay for. Don't expect to last for a long time, but for the price I think they're worth it. Shipped promptly with no problems."
68,Amazon Customer,5.0,"5.0 out of 5 stars
Great value and fit",17/07/2023,Very comfortable product would recommend for anyone
69,Joanne Markovich,5.0,"5.0 out of 5 stars
Quality is great",26/06/2023,Love em
70,Nicole Murphy,5.0,"5.0 out of 5 stars
Comfortable",12/09/2023,Comfortable and good quality
71,Stephen J,5.0,"5.0 out of 5 stars
As expected!",07/09/2023,As expected!
72,Nena Mink,5.0,"5.0 out of 5 stars
Stay Socks",25/08/2023,Love these socks! They are definitely a good weight and they stay in place.
73,jorge j leyva,5.0,"5.0 out of 5 stars
Comfortable",01/09/2023,Comfortable socks.
74,Sox,5.0,"5.0 out of 5 stars
Great socks",25/08/2023,"Very comfortable, dry and invisible"
75,Amazon Customer,5.0,"5.0 out of 5 stars
Fit well",29/07/2023,They have a nice fit. My husband had me order a second time.
76,CG,5.0,"5.0 out of 5 stars
Won’t come off",13/07/2023,By far the best socks EVER! Have little grips on the heel that make sure they don’t slide around all day. They are super plush and I wear them everyday!
77,Judith Lunsford,4.0,"4.0 out of 5 stars
Comfort and quality",24/05/2023,"These are about what you pay for. Don't expect to last for a long time, but for the price I think they're worth it. Shipped promptly with no problems."
78,Amazon Customer,5.0,"5.0 out of 5 stars
Great value and fit",17/07/2023,Very comfortable product would recommend for anyone
79,Joanne Markovich,5.0,"5.0 out of 5 stars
Quality is great",26/06/2023,Love em
80,Nicole Murphy,5.0,"5.0 out of 5 stars
Comfortable",12/09/2023,Comfortable and good quality
81,Stephen J,5.0,"5.0 out of 5 stars
As expected!",07/09/2023,As expected!
82,Nena Mink,5.0,"5.0 out of 5 stars
Stay Socks",25/08/2023,Love these socks! They are definitely a good weight and they stay in place.
83,jorge j leyva,5.0,"5.0 out of 5 stars
Comfortable",01/09/2023,Comfortable socks.
84,Sox,5.0,"5.0 out of 5 stars
Great socks",25/08/2023,"Very comfortable, dry and invisible"
85,Amazon Customer,5.0,"5.0 out of 5 stars
Fit well",29/07/2023,They have a nice fit. My husband had me order a second time.
86,CG,5.0,"5.0 out of 5 stars
Won’t come off",13/07/2023,By far the best socks EVER! Have little grips on the heel that make sure they don’t slide around all day. They are super plush and I wear them everyday!
87,Judith Lunsford,4.0,"4.0 out of 5 stars
Comfort and quality",24/05/2023,"These are about what you pay for. Don't expect to last for a long time, but for the price I think they're worth it. Shipped promptly with no problems."
88,Amazon Customer,5.0,"5.0 out of 5 stars
Great value and fit",17/07/2023,Very comfortable product would recommend for anyone
89,Joanne Markovich,5.0,"5.0 out of 5 stars
Quality is great",26/06/2023,Love em
90,Nicole Murphy,5.0,"5.0 out of 5 stars
Comfortable",12/09/2023,Comfortable and good quality
91,Stephen J,5.0,"5.0 out of 5 stars
As expected!",07/09/2023,As expected!
92,Nena Mink,5.0,"5.0 out of 5 stars
Stay Socks",25/08/2023,Love these socks! They are definitely a good weight and they stay in place.
93,jorge j leyva,5.0,"5.0 out of 5 stars
Comfortable",01/09/2023,Comfortable socks.
94,Sox,5.0,"5.0 out of 5 stars
Great socks",25/08/2023,"Very comfortable, dry and invisible"
95,Amazon Customer,5.0,"5.0 out of 5 stars
Fit well",29/07/2023,They have a nice fit. My husband had me order a second time.
96,CG,5.0,"5.0 out of 5 stars
Won’t come off",13/07/2023,By far the best socks EVER! Have little grips on the heel that make sure they don’t slide around all day. They are super plush and I wear them everyday!
97,Judith Lunsford,4.0,"4.0 out of 5 stars
Comfort and quality",24/05/2023,"These are about what you pay for. Don't expect to last for a long time, but for the price I think they're worth it. Shipped promptly with no problems."
98,Amazon Customer,5.0,"5.0 out of 5 stars
Great value and fit",17/07/2023,Very comfortable product would recommend for anyone
99,Joanne Markovich,5.0,"5.0 out of 5 stars
Quality is great",26/06/2023,Love em
100,Nicole Murphy,5.0,"5.0 out of 5 stars
Comfortable",12/09/2023,Comfortable and good quality
101,Stephen J,5.0,"5.0 out of 5 stars
As expected!",07/09/2023,As expected!
102,Nena Mink,5.0,"5.0 out of 5 stars
Stay Socks",25/08/2023,Love these socks! They are definitely a good weight and they stay in place.
103,jorge j leyva,5.0,"5.0 out of 5 stars
Comfortable",01/09/2023,Comfortable socks.
104,Sox,5.0,"5.0 out of 5 stars
Great socks",25/08/2023,"Very comfortable, dry and invisible"
105,Amazon Customer,5.0,"5.0 out of 5 stars
Fit well",29/07/2023,They have a nice fit. My husband had me order a second time.
106,CG,5.0,"5.0 out of 5 stars
Won’t come off",13/07/2023,By far the best socks EVER! Have little grips on the heel that make sure they don’t slide around all day. They are super plush and I wear them everyday!
107,Judith Lunsford,4.0,"4.0 out of 5 stars
Comfort and quality",24/05/2023,"These are about what you pay for. Don't expect to last for a long time, but for the price I think they're worth it. Shipped promptly with no problems."
108,Amazon Customer,5.0,"5.0 out of 5 stars
Great value and fit",17/07/2023,Very comfortable product would recommend for anyone
109,Joanne Markovich,5.0,"5.0 out of 5 stars
Quality is great",26/06/2023,Love em
110,Nicole Murphy,5.0,"5.0 out of 5 stars
Comfortable",12/09/2023,Comfortable and good quality
111,Stephen J,5.0,"5.0 out of 5 stars
As expected!",07/09/2023,As expected!
112,Nena Mink,5.0,"5.0 out of 5 stars
Stay Socks",25/08/2023,Love these socks! They are definitely a good weight and they stay in place.
113,jorge j leyva,5.0,"5.0 out of 5 stars
Comfortable",01/09/2023,Comfortable socks.
114,Sox,5.0,"5.0 out of 5 stars
Great socks",25/08/2023,"Very comfortable, dry and invisible"
115,Amazon Customer,5.0,"5.0 out of 5 stars
Fit well",29/07/2023,They have a nice fit. My husband had me order a second time.
116,CG,5.0,"5.0 out of 5 stars
Won’t come off",13/07/2023,By far the best socks EVER! Have little grips on the heel that make sure they don’t slide around all day. They are super plush and I wear them everyday!
117,Judith Lunsford,4.0,"4.0 out of 5 stars
Comfort and quality",24/05/2023,"These are about what you pay for. Don't expect to last for a long time, but for the price I think they're worth it. Shipped promptly with no problems."
118,Amazon Customer,5.0,"5.0 out of 5 stars
Great value and fit",17/07/2023,Very comfortable product would recommend for anyone
119,Joanne Markovich,5.0,"5.0 out of 5 stars
Quality is great",26/06/2023,Love em
120,Nicole Murphy,5.0,"5.0 out of 5 stars
Comfortable",12/09/2023,Comfortable and good quality
121,Stephen J,5.0,"5.0 out of 5 stars
As expected!",07/09/2023,As expected!
122,Nena Mink,5.0,"5.0 out of 5 stars
Stay Socks",25/08/2023,Love these socks! They are definitely a good weight and they stay in place.
123,jorge j leyva,5.0,"5.0 out of 5 stars
Comfortable",01/09/2023,Comfortable socks.
124,Sox,5.0,"5.0 out of 5 stars
Great socks",25/08/2023,"Very comfortable, dry and invisible"
125,Amazon Customer,5.0,"5.0 out of 5 stars
Fit well",29/07/2023,They have a nice fit. My husband had me order a second time.
126,CG,5.0,"5.0 out of 5 stars
Won’t come off",13/07/2023,By far the best socks EVER! Have little grips on the heel that make sure they don’t slide around all day. They are super plush and I wear them everyday!
127,Judith Lunsford,4.0,"4.0 out of 5 stars
Comfort and quality",24/05/2023,"These are about what you pay for. Don't expect to last for a long time, but for the price I think they're worth it. Shipped promptly with no problems."
128,Amazon Customer,5.0,"5.0 out of 5 stars
Great value and fit",17/07/2023,Very comfortable product would recommend for anyone
129,Joanne Markovich,5.0,"5.0 out of 5 stars
Quality is great",26/06/2023,Love em
130,Nicole Murphy,5.0,"5.0 out of 5 stars
Comfortable",12/09/2023,Comfortable and good quality
131,Stephen J,5.0,"5.0 out of 5 stars
As expected!",07/09/2023,As expected!
132,Nena Mink,5.0,"5.0 out of 5 stars
Stay Socks",25/08/2023,Love these socks! They are definitely a good weight and they stay in place.
133,jorge j leyva,5.0,"5.0 out of 5 stars
Comfortable",01/09/2023,Comfortable socks.
134,Sox,5.0,"5.0 out of 5 stars
Great socks",25/08/2023,"Very comfortable, dry and invisible"
135,Amazon Customer,5.0,"5.0 out of 5 stars
Fit well",29/07/2023,They have a nice fit. My husband had me order a second time.
136,CG,5.0,"5.0 out of 5 stars
Won’t come off",13/07/2023,By far the best socks EVER! Have little grips on the heel that make sure they don’t slide around all day. They are super plush and I wear them everyday!
137,Judith Lunsford,4.0,"4.0 out of 5 stars
Comfort and quality",24/05/2023,"These are about what you pay for. Don't expect to last for a long time, but for the price I think they're worth it. Shipped promptly with no problems."
138,Amazon Customer,5.0,"5.0 out of 5 stars
Great value and fit",17/07/2023,Very comfortable product would recommend for anyone
139,Joanne Markovich,5.0,"5.0 out of 5 stars
Quality is great",26/06/2023,Love em
140,Nicole Murphy,5.0,"5.0 out of 5 stars
Comfortable",12/09/2023,Comfortable and good quality
141,Stephen J,5.0,"5.0 out of 5 stars
As expected!",07/09/2023,As expected!
142,Nena Mink,5.0,"5.0 out of 5 stars
Stay Socks",25/08/2023,Love these socks! They are definitely a good weight and they stay in place.
143,jorge j leyva,5.0,"5.0 out of 5 stars
Comfortable",01/09/2023,Comfortable socks.
144,Sox,5.0,"5.0 out of 5 stars
Great socks",25/08/2023,"Very comfortable, dry and invisible"
145,Amazon Customer,5.0,"5.0 out of 5 stars
Fit well",29/07/2023,They have a nice fit. My husband had me order a second time.
146,CG,5.0,"5.0 out of 5 stars
Won’t come off",13/07/2023,By far the best socks EVER! Have little grips on the heel that make sure they don’t slide around all day. They are super plush and I wear them everyday!
147,Judith Lunsford,4.0,"4.0 out of 5 stars
Comfort and quality",24/05/2023,"These are about what you pay for. Don't expect to last for a long time, but for the price I think they're worth it. Shipped promptly with no problems."
148,Amazon Customer,5.0,"5.0 out of 5 stars
Great value and fit",17/07/2023,Very comfortable product would recommend for anyone
149,Joanne Markovich,5.0,"5.0 out of 5 stars
Quality is great",26/06/2023,Love em
150,Nicole Murphy,5.0,"5.0 out of 5 stars
Comfortable",12/09/2023,Comfortable and good quality
151,Stephen J,5.0,"5.0 out of 5 stars
As expected!",07/09/2023,As expected!
152,Nena Mink,5.0,"5.0 out of 5 stars
Stay Socks",25/08/2023,Love these socks! They are definitely a good weight and they stay in place.
153,jorge j leyva,5.0,"5.0 out of 5 stars
Comfortable",01/09/2023,Comfortable socks.
154,Sox,5.0,"5.0 out of 5 stars
Great socks",25/08/2023,"Very comfortable, dry and invisible"
155,Amazon Customer,5.0,"5.0 out of 5 stars
Fit well",29/07/2023,They have a nice fit. My husband had me order a second time.
156,CG,5.0,"5.0 out of 5 stars
Won’t come off",13/07/2023,By far the best socks EVER! Have little grips on the heel that make sure they don’t slide around all day. They are super plush and I wear them everyday!
157,Judith Lunsford,4.0,"4.0 out of 5 stars
Comfort and quality",24/05/2023,"These are about what you pay for. Don't expect to last for a long time, but for the price I think they're worth it. Shipped promptly with no problems."
158,Amazon Customer,5.0,"5.0 out of 5 stars
Great value and fit",17/07/2023,Very comfortable product would recommend for anyone
159,Joanne Markovich,5.0,"5.0 out of 5 stars
Quality is great",26/06/2023,Love em
160,Nicole Murphy,5.0,"5.0 out of 5 stars
Comfortable",12/09/2023,Comfortable and good quality
161,Stephen J,5.0,"5.0 out of 5 stars
As expected!",07/09/2023,As expected!
162,Nena Mink,5.0,"5.0 out of 5 stars
Stay Socks",25/08/2023,Love these socks! They are definitely a good weight and they stay in place.
163,jorge j leyva,5.0,"5.0 out of 5 stars
Comfortable",01/09/2023,Comfortable socks.
164,Sox,5.0,"5.0 out of 5 stars
Great socks",25/08/2023,"Very comfortable, dry and invisible"
165,Amazon Customer,5.0,"5.0 out of 5 stars
Fit well",29/07/2023,They have a nice fit. My husband had me order a second time.
166,CG,5.0,"5.0 out of 5 stars
Won’t come off",13/07/2023,By far the best socks EVER! Have little grips on the heel that make sure they don’t slide around all day. They are super plush and I wear them everyday!
167,Judith Lunsford,4.0,"4.0 out of 5 stars
Comfort and quality",24/05/2023,"These are about what you pay for. Don't expect to last for a long time, but for the price I think they're worth it. Shipped promptly with no problems."
168,Amazon Customer,5.0,"5.0 out of 5 stars
Great value and fit",17/07/2023,Very comfortable product would recommend for anyone
169,Joanne Markovich,5.0,"5.0 out of 5 stars
Quality is great",26/06/2023,Love em
170,Nicole Murphy,5.0,"5.0 out of 5 stars
Comfortable",12/09/2023,Comfortable and good quality
171,Stephen J,5.0,"5.0 out of 5 stars
As expected!",07/09/2023,As expected!
172,Nena Mink,5.0,"5.0 out of 5 stars
Stay Socks",25/08/2023,Love these socks! They are definitely a good weight and they stay in place.
173,jorge j leyva,5.0,"5.0 out of 5 stars
Comfortable",01/09/2023,Comfortable socks.
174,Sox,5.0,"5.0 out of 5 stars
Great socks",25/08/2023,"Very comfortable, dry and invisible"
175,Amazon Customer,5.0,"5.0 out of 5 stars
Fit well",29/07/2023,They have a nice fit. My husband had me order a second time.
176,CG,5.0,"5.0 out of 5 stars
Won’t come off",13/07/2023,By far the best socks EVER! Have little grips on the heel that make sure they don’t slide around all day. They are super plush and I wear them everyday!
177,Judith Lunsford,4.0,"4.0 out of 5 stars
Comfort and quality",24/05/2023,"These are about what you pay for. Don't expect to last for a long time, but for the price I think they're worth it. Shipped promptly with no problems."
178,Amazon Customer,5.0,"5.0 out of 5 stars
Great value and fit",17/07/2023,Very comfortable product would recommend for anyone
179,Joanne Markovich,5.0,"5.0 out of 5 stars
Quality is great",26/06/2023,Love em
180,Nicole Murphy,5.0,"5.0 out of 5 stars
Comfortable",12/09/2023,Comfortable and good quality
181,Stephen J,5.0,"5.0 out of 5 stars
As expected!",07/09/2023,As expected!
182,Nena Mink,5.0,"5.0 out of 5 stars
Stay Socks",25/08/2023,Love these socks! They are definitely a good weight and they stay in place.
183,jorge j leyva,5.0,"5.0 out of 5 stars
Comfortable",01/09/2023,Comfortable socks.
184,Sox,5.0,"5.0 out of 5 stars
Great socks",25/08/2023,"Very comfortable, dry and invisible"
185,Amazon Customer,5.0,"5.0 out of 5 stars
Fit well",29/07/2023,They have a nice fit. My husband had me order a second time.
186,CG,5.0,"5.0 out of 5 stars
Won’t come off",13/07/2023,By far the best socks EVER! Have little grips on the heel that make sure they don’t slide around all day. They are super plush and I wear them everyday!
187,Judith Lunsford,4.0,"4.0 out of 5 stars
Comfort and quality",24/05/2023,"These are about what you pay for. Don't expect to last for a long time, but for the price I think they're worth it. Shipped promptly with no problems."
188,Amazon Customer,5.0,"5.0 out of 5 stars
Great value and fit",17/07/2023,Very comfortable product would recommend for anyone
189,Joanne Markovich,5.0,"5.0 out of 5 stars
Quality is great",26/06/2023,Love em
190,Nicole Murphy,5.0,"5.0 out of 5 stars
Comfortable",12/09/2023,Comfortable and good quality
191,Stephen J,5.0,"5.0 out of 5 stars
As expected!",07/09/2023,As expected!
192,Nena Mink,5.0,"5.0 out of 5 stars
Stay Socks",25/08/2023,Love these socks! They are definitely a good weight and they stay in place.
193,jorge j leyva,5.0,"5.0 out of 5 stars
Comfortable",01/09/2023,Comfortable socks.
194,Sox,5.0,"5.0 out of 5 stars
Great socks",25/08/2023,"Very comfortable, dry and invisible"
195,Amazon Customer,5.0,"5.0 out of 5 stars
Fit well",29/07/2023,They have a nice fit. My husband had me order a second time.
196,CG,5.0,"5.0 out of 5 stars
Won’t come off",13/07/2023,By far the best socks EVER! Have little grips on the heel that make sure they don’t slide around all day. They are super plush and I wear them everyday!
197,Judith Lunsford,4.0,"4.0 out of 5 stars
Comfort and quality",24/05/2023,"These are about what you pay for. Don't expect to last for a long time, but for the price I think they're worth it. Shipped promptly with no problems."
198,Amazon Customer,5.0,"5.0 out of 5 stars
Great value and fit",17/07/2023,Very comfortable product would recommend for anyone
199,Joanne Markovich,5.0,"5.0 out of 5 stars
Quality is great",26/06/2023,Love em
200,Nicole Murphy,5.0,"5.0 out of 5 stars
Comfortable",12/09/2023,Comfortable and good quality
201,Stephen J,5.0,"5.0 out of 5 stars
As expected!",07/09/2023,As expected!
202,Nena Mink,5.0,"5.0 out of 5 stars
Stay Socks",25/08/2023,Love these socks! They are definitely a good weight and they stay in place.
203,jorge j leyva,5.0,"5.0 out of 5 stars
Comfortable",01/09/2023,Comfortable socks.
204,Sox,5.0,"5.0 out of 5 stars
Great socks",25/08/2023,"Very comfortable, dry and invisible"
205,Amazon Customer,5.0,"5.0 out of 5 stars
Fit well",29/07/2023,They have a nice fit. My husband had me order a second time.
206,CG,5.0,"5.0 out of 5 stars
Won’t come off",13/07/2023,By far the best socks EVER! Have little grips on the heel that make sure they don’t slide around all day. They are super plush and I wear them everyday!
207,Judith Lunsford,4.0,"4.0 out of 5 stars
Comfort and quality",24/05/2023,"These are about what you pay for. Don't expect to last for a long time, but for the price I think they're worth it. Shipped promptly with no problems."
208,Amazon Customer,5.0,"5.0 out of 5 stars
Great value and fit",17/07/2023,Very comfortable product would recommend for anyone
209,Joanne Markovich,5.0,"5.0 out of 5 stars
Quality is great",26/06/2023,Love em
210,Nicole Murphy,5.0,"5.0 out of 5 stars
Comfortable",12/09/2023,Comfortable and good quality
211,Stephen J,5.0,"5.0 out of 5 stars
As expected!",07/09/2023,As expected!
212,Nena Mink,5.0,"5.0 out of 5 stars
Stay Socks",25/08/2023,Love these socks! They are definitely a good weight and they stay in place.
213,jorge j leyva,5.0,"5.0 out of 5 stars
Comfortable",01/09/2023,Comfortable socks.
214,Sox,5.0,"5.0 out of 5 stars
Great socks",25/08/2023,"Very comfortable, dry and invisible"
215,Amazon Customer,5.0,"5.0 out of 5 stars
Fit well",29/07/2023,They have a nice fit. My husband had me order a second time.
216,CG,5.0,"5.0 out of 5 stars
Won’t come off",13/07/2023,By far the best socks EVER! Have little grips on the heel that make sure they don’t slide around all day. They are super plush and I wear them everyday!
217,Judith Lunsford,4.0,"4.0 out of 5 stars
Comfort and quality",24/05/2023,"These are about what you pay for. Don't expect to last for a long time, but for the price I think they're worth it. Shipped promptly with no problems."
218,Amazon Customer,5.0,"5.0 out of 5 stars
Great value and fit",17/07/2023,Very comfortable product would recommend for anyone
219,Joanne Markovich,5.0,"5.0 out of 5 stars
Quality is great",26/06/2023,Love em
220,Nicole Murphy,5.0,"5.0 out of 5 stars
Comfortable",12/09/2023,Comfortable and good quality
221,Stephen J,5.0,"5.0 out of 5 stars
As expected!",07/09/2023,As expected!
222,Nena Mink,5.0,"5.0 out of 5 stars
Stay Socks",25/08/2023,Love these socks! They are definitely a good weight and they stay in place.
223,jorge j leyva,5.0,"5.0 out of 5 stars
Comfortable",01/09/2023,Comfortable socks.
224,Sox,5.0,"5.0 out of 5 stars
Great socks",25/08/2023,"Very comfortable, dry and invisible"
225,Amazon Customer,5.0,"5.0 out of 5 stars
Fit well",29/07/2023,They have a nice fit. My husband had me order a second time.
226,CG,5.0,"5.0 out of 5 stars
Won’t come off",13/07/2023,By far the best socks EVER! Have little grips on the heel that make sure they don’t slide around all day. They are super plush and I wear them everyday!
227,Judith Lunsford,4.0,"4.0 out of 5 stars
Comfort and quality",24/05/2023,"These are about what you pay for. Don't expect to last for a long time, but for the price I think they're worth it. Shipped promptly with no problems."
228,Amazon Customer,5.0,"5.0 out of 5 stars
Great value and fit",17/07/2023,Very comfortable product would recommend for anyone
229,Joanne Markovich,5.0,"5.0 out of 5 stars
Quality is great",26/06/2023,Love em
230,Nicole Murphy,5.0,"5.0 out of 5 stars
Comfortable",12/09/2023,Comfortable and good quality
231,Stephen J,5.0,"5.0 out of 5 stars
As expected!",07/09/2023,As expected!
232,Nena Mink,5.0,"5.0 out of 5 stars
Stay Socks",25/08/2023,Love these socks! They are definitely a good weight and they stay in place.
233,jorge j leyva,5.0,"5.0 out of 5 stars
Comfortable",01/09/2023,Comfortable socks.
234,Sox,5.0,"5.0 out of 5 stars
Great socks",25/08/2023,"Very comfortable, dry and invisible"
235,Amazon Customer,5.0,"5.0 out of 5 stars
Fit well",29/07/2023,They have a nice fit. My husband had me order a second time.
236,CG,5.0,"5.0 out of 5 stars
Won’t come off",13/07/2023,By far the best socks EVER! Have little grips on the heel that make sure they don’t slide around all day. They are super plush and I wear them everyday!
237,Judith Lunsford,4.0,"4.0 out of 5 stars
Comfort and quality",24/05/2023,"These are about what you pay for. Don't expect to last for a long time, but for the price I think they're worth it. Shipped promptly with no problems."
238,Amazon Customer,5.0,"5.0 out of 5 stars
Great value and fit",17/07/2023,Very comfortable product would recommend for anyone
239,Joanne Markovich,5.0,"5.0 out of 5 stars
Quality is great",26/06/2023,Love em
240,Nicole Murphy,5.0,"5.0 out of 5 stars
Comfortable",12/09/2023,Comfortable and good quality
241,Stephen J,5.0,"5.0 out of 5 stars
As expected!",07/09/2023,As expected!
242,Nena Mink,5.0,"5.0 out of 5 stars
Stay Socks",25/08/2023,Love these socks! They are definitely a good weight and they stay in place.
243,jorge j leyva,5.0,"5.0 out of 5 stars
Comfortable",01/09/2023,Comfortable socks.
244,Sox,5.0,"5.0 out of 5 stars
Great socks",25/08/2023,"Very comfortable, dry and invisible"
245,Amazon Customer,5.0,"5.0 out of 5 stars
Fit well",29/07/2023,They have a nice fit. My husband had me order a second time.
246,CG,5.0,"5.0 out of 5 stars
Won’t come off",13/07/2023,By far the best socks EVER! Have little grips on the heel that make sure they don’t slide around all day. They are super plush and I wear them everyday!
247,Judith Lunsford,4.0,"4.0 out of 5 stars
Comfort and quality",24/05/2023,"These are about what you pay for. Don't expect to last for a long time, but for the price I think they're worth it. Shipped promptly with no problems."
248,Amazon Customer,5.0,"5.0 out of 5 stars
Great value and fit",17/07/2023,Very comfortable product would recommend for anyone
249,Joanne Markovich,5.0,"5.0 out of 5 stars
Quality is great",26/06/2023,Love em
250,Nicole Murphy,5.0,"5.0 out of 5 stars
Comfortable",12/09/2023,Comfortable and good quality
251,Stephen J,5.0,"5.0 out of 5 stars
As expected!",07/09/2023,As expected!
252,Nena Mink,5.0,"5.0 out of 5 stars
Stay Socks",25/08/2023,Love these socks! They are definitely a good weight and they stay in place.
253,jorge j leyva,5.0,"5.0 out of 5 stars
Comfortable",01/09/2023,Comfortable socks.
254,Sox,5.0,"5.0 out of 5 stars
Great socks",25/08/2023,"Very comfortable, dry and invisible"
255,Amazon Customer,5.0,"5.0 out of 5 stars
Fit well",29/07/2023,They have a nice fit. My husband had me order a second time.
256,CG,5.0,"5.0 out of 5 stars
Won’t come off",13/07/2023,By far the best socks EVER! Have little grips on the heel that make sure they don’t slide around all day. They are super plush and I wear them everyday!
257,Judith Lunsford,4.0,"4.0 out of 5 stars
Comfort and quality",24/05/2023,"These are about what you pay for. Don't expect to last for a long time, but for the price I think they're worth it. Shipped promptly with no problems."
258,Amazon Customer,5.0,"5.0 out of 5 stars
Great value and fit",17/07/2023,Very comfortable product would recommend for anyone
259,Joanne Markovich,5.0,"5.0 out of 5 stars
Quality is great",26/06/2023,Love em
260,Nicole Murphy,5.0,"5.0 out of 5 stars
Comfortable",12/09/2023,Comfortable and good quality
261,Stephen J,5.0,"5.0 out of 5 stars
As expected!",07/09/2023,As expected!
262,Nena Mink,5.0,"5.0 out of 5 stars
Stay Socks",25/08/2023,Love these socks! They are definitely a good weight and they stay in place.
263,jorge j leyva,5.0,"5.0 out of 5 stars
Comfortable",01/09/2023,Comfortable socks.
264,Sox,5.0,"5.0 out of 5 stars
Great socks",25/08/2023,"Very comfortable, dry and invisible"
265,Amazon Customer,5.0,"5.0 out of 5 stars
Fit well",29/07/2023,They have a nice fit. My husband had me order a second time.
266,CG,5.0,"5.0 out of 5 stars
Won’t come off",13/07/2023,By far the best socks EVER! Have little grips on the heel that make sure they don’t slide around all day. They are super plush and I wear them everyday!
267,Judith Lunsford,4.0,"4.0 out of 5 stars
Comfort and quality",24/05/2023,"These are about what you pay for. Don't expect to last for a long time, but for the price I think they're worth it. Shipped promptly with no problems."
268,Amazon Customer,5.0,"5.0 out of 5 stars
Great value and fit",17/07/2023,Very comfortable product would recommend for anyone
269,Joanne Markovich,5.0,"5.0 out of 5 stars
Quality is great",26/06/2023,Love em
